[
    {
        "quote": "Adventure is worthwhile!"
    },
    {
        "quote":"I know adventure it's going to happen!"
    },
    {
        "quote":"Oh, the places you'll go!"
    },
    {
        "quote":"Live, travel, adventure, and learn!"
    },
    {
        "quote":"To travel is to live!"
    },
    {
        "quote":"It feels good to be lost in the right direction!"
    },
    {
        "quote":"Travel is my therapy!"
    },
    {
        "quote":"My goal is to run out of pages in my passport!"
    },
    {
        "quote":"Life is short, and the world is wide!"
    },
    {
        "quote":"Collect Moments, not things!"
    },
    {
        "quote":"We have nothing to lose and a world to see!"
    },
    {
        "quote":"Go where you feel most alive!"
    },
    {
        "quote":"Don't call it a dream. Call it a plan!"
    }
]